Time,Empty,Time,Quartz Only,Time,Paper Only,Time,Quartz+Paper
-10.0100025,0.172594,-2.6025673,0.196068,-9.4761357,0.150375,-2.0687005,0.273544
-9.9432358,0.0951226,-2.5358673,-0.105125,-9.409369,0.13723,-2.0020005,0.426559
-9.8765358,0.133189,-2.4691006,-0.0398865,-9.342669,0.115334,-1.9352338,0.296349
-9.8097691,0.106058,-2.4024006,-0.0260239,-9.2759023,0.0376816,-1.8685338,0.307091
-9.7430691,0.135708,-2.3356339,0.0144196,-9.2092023,2.14E-04,-1.8017671,0.328583
-9.6763024,0.0961971,-2.2689339,0.024498,-9.1424356,0.0315552,-1.7350671,0.33783
-9.6096024,0.0636385,-2.2021672,0.072052,-9.0757356,0.0323715,-1.6683004,0.199722
-9.5428357,0.101489,-2.1354672,-0.0561981,-9.0089689,-7.48E-04,-1.6016004,0.172829
-9.4761357,0.118781,-2.0687005,0.0532684,-8.9422689,0.108215,-1.5348337,0.239693
-9.409369,0.105723,-2.0020005,-0.0748138,-8.8755022,0.0791397,-1.4681337,0.284943
-9.342669,0.0816235,-1.9352338,0.0213089,-8.8088022,0.14502,-1.401367,0.166298
-9.2759023,0.146943,-1.8685338,0.085495,-8.7420355,0.133179,-1.334667,0.120163
-9.2092023,0.108823,-1.8017671,0.0818481,-8.6753355,0.0870895,-1.2679003,0.259407
-9.1424356,0.0970384,-1.7350671,0.0589676,-8.6085688,0.268921,-1.2012003,0.113686
-9.0757356,0.110078,-1.6683004,-0.046524,-8.5418688,0.271706,-1.1344336,0.103088
-9.0089689,0.125552,-1.6016004,0.0769196,-8.4751021,0.0344238,-1.0677336,0.17189
-8.9422689,0.108313,-1.5348337,0.0522079,-8.4084021,0.0936813,-1.0009669,0.178452
-8.8755022,0.0488544,-1.4681337,0.112549,-8.3416354,0.131805,-0.9342669,0.239532
-8.8088022,0.11423,-1.401367,0.0268326,-8.2749354,0.235634,-0.8675002,0.151047
-8.7420355,0.123776,-1.334667,-0.0341187,-8.2081687,0.0839386,-0.8008002,0.252533
-8.6753355,0.0783133,-1.2679003,0.0656815,-8.1414687,0.110535,-0.7340335,0.190056
-8.6085688,0.12036,-1.2012003,0.121727,-8.074702,0.139603,-0.6673335,0.133186
-8.5418688,0.0690502,-1.1344336,0.176567,-8.008002,0.081665,-0.6005668,0.132072
-8.4751021,0.103959,-1.0677336,0.0157471,-7.9412353,0.111961,-0.5338668,0.0840912
-8.4084021,0.0641989,-1.0009669,0.0808792,-7.8745353,0.144424,-0.4671001,0.231232
-8.3416354,0.0886179,-0.9342669,0.0566483,-7.8077686,0.0898743,-0.4004001,0.0733719
-8.2749354,0.0463197,-0.8675002,0.110565,-7.7410686,0.164467,-0.3336334,0.242386
-8.2081687,0.0439741,-0.8008002,0.0225525,-7.6743019,0.0582581,-0.2669334,0.148476
-8.1414687,0.0218642,-0.7340335,0.0168076,-7.6076019,0.0774536,-0.2001667,0.193474
-8.074702,0.104558,-0.6673335,0.0334167,-7.5408352,0.0570221,-0.1334667,0.208679
-8.008002,-0.0114101,-0.6005668,0.0359955,-7.4741352,-0.0792694,-0.0667,0.218925
-7.9412353,0.0199041,-0.5338668,-0.0419006,-7.4073685,0.0548325,0,0.202873
-7.8745353,0.00217354,-0.4671001,-0.0471268,-7.3406685,0.153664,0.0667667,0.0899277
-7.8077686,-0.0364075,-0.4004001,0.00588226,-7.2739018,0.0585022,0.1334667,0.0822144
-7.7410686,-0.0323978,-0.3336334,0.0335236,-7.2072018,-0.0831299,0.2002334,0.120117
-7.6743019,-0.0313661,-0.2669334,-0.0748367,-7.1404351,-0.0436325,0.2669334,0.127739
-7.6076019,0.00700633,-0.2001667,0.00123596,-7.0737351,0.0451965,0.3337001,0.0231628
-7.5408352,-0.0344322,-0.1334667,-0.0912323,-7.0069684,-0.0331955,0.4004001,0.0578461
-7.4741352,-0.0462112,-0.0667,-0.127815,-6.9402684,0.0863266,0.4671668,0.00972748
-7.4073685,-0.0713544,0,-0.0720978,-6.8735017,0.0353699,0.5338668,0.0907211
-7.3406685,-0.0634622,0.0667667,-0.0631256,-6.8068017,0.0228653,0.6006335,0.0499496
-7.2739018,-0.082724,0.1334667,-0.0278625,-6.740035,-0.123299,0.6673335,0.0295563
-7.2072018,-0.0335795,0.2002334,-0.0732193,-6.673335,-0.0261154,0.7341002,0.0046463
-7.1404351,-0.0185877,0.2669334,-0.0514221,-6.6065683,-0.0271912,0.8008002,0.0417023
-7.0737351,0.0453754,0.3337001,0.0213089,-6.5398683,0.112526,0.8675669,0.109795
-7.0069684,-0.042032,0.4004001,0.0924225,-6.4731016,0.0666275,0.9342669,0.0942917
-6.9402684,0.0617973,0.4671668,0.124191,-6.4064016,0.0738525,1.0010336,0.0740891
-6.8735017,0.0995599,0.5338668,0.0569611,-6.3396349,0.116188,1.0677336,-0.00187683
-6.8068017,0.0387217,0.6006335,0.0281448,-6.2729349,0.143738,1.1345003,0.202644
-6.740035,0.131103,0.6673335,0.0191498,-6.2061682,0.119812,1.2012003,0.206085
-6.673335,0.114432,0.7341002,-0.0139999,-6.1394682,0.144707,1.267967,0.183495
-6.6065683,0.169712,0.8008002,0.129341,-6.0727015,0.212021,1.334667,0.255859
-6.5398683,0.186741,0.8675669,0.160133,-6.0060015,0.105553,1.4014337,0.2416
-6.4731016,0.173626,0.9342669,0.0675888,-5.9392348,0.099884,1.4681337,0.259903
-6.4064016,0.21906,1.0010336,5.26E-04,-5.8725348,0.312767,1.5349004,0.22583
-6.3396349,0.272885,1.0677336,0.261909,-5.8057681,0.23156,1.6016004,0.204781
-6.2729349,0.301944,1.1345003,0.167542,-5.7390681,0.274574,1.6683671,0.237251
-6.2061682,0.237599,1.2012003,0.118896,-5.6723014,0.30941,1.7350671,0.265617
-6.1394682,0.295915,1.267967,0.202362,-5.6056014,0.370995,1.8018338,0.334198
-6.0727015,0.261426,1.334667,0.0622711,-5.5388347,0.243454,1.8685338,0.326874
-6.0060015,0.235394,1.4014337,0.133224,-5.4721347,0.233391,1.9353005,0.296715
-5.9392348,0.332914,1.4681337,0.0494919,-5.405368,0.216156,2.0020005,0.378365
-5.8725348,0.245924,1.5349004,0.170891,-5.338668,0.237518,2.0687672,0.390114
-5.8057681,0.227734,1.6016004,0.267914,-5.2719013,0.323708,2.1354672,0.400116
-5.7390681,0.238735,1.6683671,0.238579,-5.2052013,0.207939,2.2022339,0.428116
-5.6723014,0.192646,1.7350671,0.136681,-5.1384346,0.335335,2.2689339,0.418159
-5.6056014,0.241701,1.8018338,0.119446,-5.0717346,0.260246,2.3357006,0.257446
-5.5388347,0.256447,1.8685338,0.164368,-5.0049679,0.192909,2.4024006,0.348053
-5.4721347,0.223468,1.9353005,0.197968,-4.9382679,0.246712,2.4691673,0.301682
-5.405368,0.218802,2.0020005,0.0842285,-4.8715012,0.29454,2.5358673,0.342728
-5.338668,0.238434,2.0687672,0.143867,-4.8048012,0.315681,2.602634,0.398918
-5.2719013,0.241402,2.1354672,0.162315,-4.7380345,0.243164,2.669334,0.227951
-5.2052013,0.20416,2.2022339,0.120796,-4.6713345,0.222237,2.7361007,0.3013
-5.1384346,0.263639,2.2689339,0.0275269,-4.6045678,0.168892,2.8028007,0.235733
-5.0717346,0.127772,2.3357006,0.0129929,-4.5378678,0.230392,2.8695674,0.215118
-5.0049679,0.113845,2.4024006,-0.0427704,-4.4711011,0.0580215,2.9362674,0.0587769
-4.9382679,-0.0352469,2.4691673,-0.18177,-4.4044011,-0.00686646,3.0030341,0.212822
-4.8715012,-0.195284,2.5358673,-0.264664,-4.3376344,-0.0318222,3.0697341,0.076416
-4.8048012,-0.296007,2.602634,-0.263603,-4.2709344,0.00128937,3.1365008,-0.0337219
-4.7380345,-0.311217,2.669334,-0.259636,-4.2041677,-0.0962372,3.2032008,-0.150414
-4.6713345,-0.0203468,2.7361007,-0.149063,-4.1374677,0.00363922,3.2699675,0.0834122
-4.6045678,0.681808,2.8028007,-0.0374222,-4.070701,0.485367,3.3366675,0.164093
-4.5378678,0.90533,2.8695674,0.393433,-4.004001,0.590637,3.4034342,0.388542
-4.4711011,0.772926,2.9362674,0.616516,-3.9372343,0.801254,3.4701342,0.518463
-4.4044011,0.816425,3.0030341,0.758949,-3.8705343,0.741234,3.5369009,0.80291
-4.3376344,0.665007,3.0697341,0.575699,-3.8037676,0.781586,3.6036009,0.613968
-4.2709344,0.674065,3.1365008,0.282898,-3.7370676,0.779854,3.6703676,0.532249
-4.2041677,0.552942,3.2032008,0.332932,-3.6703009,0.603691,3.7370676,0.389191
-4.1374677,0.578013,3.2699675,0.321678,-3.6036009,0.568283,3.8038343,0.368958
-4.070701,0.533643,3.3366675,0.386757,-3.5368342,0.626701,3.8705343,0.200386
-4.004001,0.572564,3.4034342,0.3871,-3.4701342,0.604767,3.937301,0.168694
-3.9372343,0.580283,3.4701342,0.299568,-3.4033675,0.467491,4.004001,0.244576
-3.8705343,0.646806,3.5369009,0.379028,-3.3366675,0.536415,4.0707677,0.449539
-3.8037676,0.64468,3.6036009,0.301331,-3.2699008,0.600555,4.1374677,0.549545
-3.7370676,0.55956,3.6703676,0.258133,-3.2032008,0.337852,4.2042344,0.697327
-3.6703009,-0.00322128,3.7370676,-0.0281601,-3.1364341,0.208168,4.2709344,0.900818
-3.6036009,-0.587083,3.8038343,-0.303101,-3.0697341,-0.0704498,4.3377011,0.682663
-3.5368342,-0.996735,3.8705343,-0.803246,-3.0029674,-0.451813,4.4044011,0.383514
-3.4701342,-1.09146,3.937301,-1.21215,-2.9362674,-0.856865,4.4711678,-0.0598831
-3.4033675,-1.21836,4.004001,-1.37013,-2.8695007,-0.816856,4.5378678,-0.356796
-3.3366675,-1.09083,4.0707677,-1.23017,-2.8028007,-0.880028,4.6046345,-0.60704
-3.2699008,-0.743863,4.1374677,-1.06429,-2.736034,-0.737083,4.6713345,-0.619392
-3.2032008,-0.633475,4.2042344,-0.902336,-2.669334,-0.782257,4.7381012,-0.494011
-3.1364341,-0.681557,4.2709344,-0.860878,-2.6025673,-0.692818,4.8048012,-0.584557
-3.0697341,-0.683209,4.3377011,-0.957115,-2.5358673,-0.794891,4.8715679,-0.640198
-3.0029674,-0.653196,4.4044011,-0.805542,-2.4691006,-0.698746,4.9382679,-0.593399
-2.9362674,-0.646051,4.4711678,-0.822968,-2.4024006,-0.6884,5.0050346,-0.660294
-2.8695007,-0.556534,4.5378678,-0.823769,-2.3356339,-0.503685,5.0717346,-0.586143
-2.8028007,-0.435742,4.6046345,-0.608139,-2.2689339,-0.502525,5.1385013,-0.352776
-2.736034,-0.194634,4.6713345,-0.439484,-2.2021672,-0.23243,5.2052013,-0.381203
-2.669334,0.0340483,4.7381012,-0.267578,-2.1354672,-0.143509,5.271968,-0.267845
-2.6025673,0.22057,4.8048012,-0.0890808,-2.0687005,0.0467987,5.338668,0.024086
-2.5358673,0.488503,4.8715679,0.290916,-2.0020005,0.224747,5.4054347,0.308395
-2.4691006,0.797254,4.9382679,0.353699,-1.9352338,0.46312,5.4721347,0.449654
-2.4024006,1.02708,5.0050346,0.581291,-1.8685338,0.770889,5.5389014,0.657127
-2.3356339,1.24571,5.0717346,0.782066,-1.8017671,1.15874,5.6056014,0.874573
-2.2689339,1.53012,5.1385013,1.06455,-1.7350671,1.20712,5.6723681,1.03641
-2.2021672,1.68301,5.2052013,1.34204,-1.6683004,1.28426,5.7390681,1.18654
-2.1354672,1.88368,5.271968,1.32822,-1.6016004,1.45612,5.8058348,1.33154
-2.0687005,1.94838,5.338668,1.60884,-1.5348337,1.68784,5.8725348,1.62009
-2.0020005,2.04192,5.4054347,1.45725,-1.4681337,1.70018,5.9393015,1.616
-1.9352338,2.08021,5.4721347,1.692,-1.401367,1.79012,6.0060015,1.74295
-1.8685338,2.06918,5.5389014,1.72213,-1.334667,1.77958,6.0727682,1.70822
-1.8017671,2.27281,5.6056014,1.72953,-1.2679003,1.89779,6.1394682,1.66804
-1.7350671,2.27349,5.6723681,1.74998,-1.2012003,1.97391,6.2062349,1.83421
-1.6683004,2.3167,5.7390681,1.94696,-1.1344336,1.97474,6.2729349,1.90385
-1.6016004,2.30695,5.8058348,1.98586,-1.0677336,1.98231,6.3397016,1.9201
-1.5348337,2.25457,5.8725348,1.89617,-1.0009669,2.05698,6.4064016,1.89094
-1.4681337,1.96526,5.9393015,1.77732,-0.9342669,1.92522,6.4731683,1.76639
-1.401367,1.61042,6.0060015,1.66473,-0.8675002,1.53664,6.5398683,1.6534
-1.334667,1.2637,6.0727682,1.3917,-0.8008002,1.37391,6.606635,1.44164
-1.2679003,0.907579,6.1394682,0.961487,-0.7340335,1.04892,6.673335,1.27592
-1.2012003,0.695387,6.2062349,0.606689,-0.6673335,0.815605,6.7401017,0.982231
-1.1344336,0.547543,6.2729349,0.532288,-0.6005668,0.592651,6.8068017,0.778175
-1.0677336,0.389629,6.3397016,0.352196,-0.5338668,0.431198,6.8735684,0.608879
-1.0009669,0.135097,6.4064016,0.414032,-0.4671001,0.187241,6.9402684,0.652832
-0.9342669,0.0358158,6.4731683,0.326721,-0.4004001,0.0839233,7.0070351,0.364159
-0.8675002,-0.226067,6.5398683,0.151047,-0.3336334,-0.106285,7.0737351,0.374008
-0.8008002,-0.544742,6.606635,-0.0887985,-0.2669334,-0.275162,7.1405018,0.0617447
-0.7340335,-0.747936,6.673335,-0.239273,-0.2001667,-0.519852,7.2072018,-0.0692978
-0.6673335,-1.03749,6.7401017,-0.354599,-0.1334667,-0.698883,7.2739685,-0.449135
-0.6005668,-1.28637,6.8068017,-0.635857,-0.0667,-0.937546,7.3406685,-0.686089
-0.5338668,-1.53739,6.8735684,-0.713455,0,-1.21818,7.4074352,-1.00624
-0.4671001,-1.74191,6.9402684,-1.03419,0.0667667,-1.37469,7.4741352,-1.32295
-0.4004001,-1.95289,7.0070351,-1.14708,0.1334667,-1.54449,7.5409019,-1.56894
-0.3336334,-2.1508,7.0737351,-1.25366,0.2002334,-1.83044,7.6076019,-1.7799
-0.2669334,-2.27576,7.1405018,-1.31648,0.2669334,-2.055,7.6743686,-1.93562
-0.2001667,-2.34927,7.2072018,-1.36957,0.3337001,-2.02064,7.7410686,-1.96637
-0.1334667,-2.41909,7.2739685,-1.20557,0.4004001,-2.09332,7.8078353,-1.95473
-0.0667,-2.50513,7.3406685,-0.980347,0.4671668,-2.0887,7.8745353,-1.99854
0,-2.45663,7.4074352,-0.748535,0.5338668,-2.16537,7.941302,-1.93194
0.0667667,-2.24426,7.4741352,-0.405762,0.6006335,-1.92588,8.008002,-1.82431
0.1334667,-1.41557,7.5409019,0.062439,0.6673335,-1.49125,8.0747687,-1.45349
0.2002334,-0.34204,7.6076019,0.998291,0.7341002,-1.07523,8.1414687,-0.996674
0.2669334,0.112438,7.6743686,1.72847,0.8008002,-0.432816,8.2082354,-0.567215
0.3337001,0.159673,7.7410686,2.48811,0.8675669,-0.0381851,8.2749354,-0.2118
0.4004001,0.326291,7.8078353,2.83094,0.9342669,0.249565,8.3417021,0.315163
0.4671668,0.337848,7.8745353,2.87452,1.0010336,0.400368,8.4084021,0.361862
0.5338668,0.355155,7.941302,2.68951,1.0677336,0.598152,8.4751688,0.518257
0.6006335,0.305339,8.008002,2.84563,1.1345003,0.581833,8.5418688,0.444183
0.6673335,0.320121,8.0747687,3.26042,1.2012003,0.501038,8.6086355,0.500275
0.7341002,0.324959,8.1414687,3.38375,1.267967,0.188622,8.6753355,0.449944
0.8008002,0.154837,8.2082354,3.15377,1.334667,-0.129463,8.7421022,0.118378
0.8675669,-0.246043,8.2749354,2.94539,1.4014337,-0.659447,8.8088022,-0.109299
0.9342669,-0.900551,8.3417021,2.57688,1.4681337,-1.26929,8.8755689,-0.85762
1.0010336,-1.98291,8.4084021,1.58279,1.5349004,-2.30871,8.9422689,-1.69421
1.0677336,-3.76546,8.4751688,-0.253464,1.6016004,-3.82851,9.0090356,-3.38718
1.1345003,-6.76157,8.5418688,-3.29081,1.6683671,-6.47139,9.0757356,-5.7349
1.2012003,-11.6705,8.6086355,-8.66083,1.7350671,-11.1246,9.1425023,-10.3945
1.267967,-21.0619,8.6753355,-17.8826,1.8018338,-19.6236,9.2092023,-17.8935
1.334667,-39.3824,8.7421022,-35.3314,1.8685338,-35.3386,9.275969,-31.2412
1.4014337,-77.8209,8.8088022,-62.9034,1.9353005,-64.2417,9.342669,-52.0317
1.4681337,-142.921,8.8755689,-107.481,2.0020005,-112.06,9.4094357,-82.7877
1.5349004,-239.475,8.9422689,-160.229,2.0687672,-172.028,9.4761357,-118.546
1.6016004,-331.381,9.0090356,-214.135,2.1354672,-220.413,9.5429024,-152.913
1.6683671,-358.977,9.0757356,-240.268,2.2022339,-221.006,9.6096024,-169.316
1.7350671,-198.907,9.1425023,-196.144,2.2689339,-149.272,9.6763691,-149.643
1.8018338,164.564,9.2092023,-69.1943,2.3357006,-30.2443,9.7430691,-86.2123
1.8685338,333.706,9.275969,123.019,2.4024006,94.6092,9.8098358,17.8122
1.9353005,289.627,9.342669,287.96,2.4691673,193.144,9.8765358,121.239
2.0020005,275.283,9.4094357,342.849,2.5358673,235.593,9.9433025,197.99
2.0687672,224.879,9.4761357,259.043,2.602634,220.579,10.0100025,217.793
2.1354672,178.742,9.5429024,118.973,2.669334,181.436,10.0767692,191.957
2.2022339,131.606,9.6096024,52.493,2.7361007,143.298,10.1434692,145.261
2.2689339,92.0242,9.6763691,75.5145,2.8028007,112.35,10.2102359,98.9794
2.3357006,61.8572,9.7430691,95.2015,2.8695674,81.6082,10.2769359,70.2512
2.4024006,37.0497,9.8098358,44.6249,2.9362674,55.9469,10.3437026,52.0129
2.4691673,19.6359,9.8765358,-12.5402,3.0030341,34.8725,10.4104026,38.864
2.5358673,6.48665,9.9433025,-5.09134,3.0697341,18.4131,10.4771693,22.7788
2.602634,-2.94009,10.0100025,19.6256,3.1365008,9.73666,10.5438693,7.19214
2.669334,-9.08901,10.0767692,-3.46883,3.2032008,6.93897,10.610636,-0.459717
2.7361007,-11.4553,10.1434692,-26.7594,3.2699675,3.16619,10.677336,0.690567
2.8028007,-9.55067,10.2102359,-7.29698,3.3366675,-3.17734,10.7441027,0.944122
2.8695674,-7.96812,10.2769359,0.236061,3.4034342,-9.00219,10.8108027,-3.28164
2.9362674,-9.23171,10.3437026,-15.607,3.4701342,-10.4023,10.8775694,-6.52098
3.0030341,-9.04344,10.4104026,-7.72472,3.5369009,-8.41267,10.9442694,-7.89797
3.0697341,-9.83794,10.4771693,-2.09124,3.6036009,-8.02885,11.0110361,-9.81183
3.1365008,-11.3325,10.5438693,-17.7903,3.6703676,-9.59048,11.0777361,-8.90403
3.2032008,-11.8725,10.610636,-10.1509,3.7370676,-11.8293,11.1445028,-6.55618
3.2699675,-12.2254,10.677336,-1.99375,3.8038343,-12.7596,11.2112028,-8.37041
3.3366675,-12.2779,10.7441027,-20.0774,3.8705343,-12.7915,11.2779695,-11.6325
3.4034342,-11.9704,10.8108027,-13.1302,3.937301,-11.6809,11.3446695,-11.3458
3.4701342,-11.4782,10.8775694,0.0367279,4.004001,-10.7582,11.4114362,-9.84297
3.5369009,-11.1825,10.9442694,-14.5483,4.0707677,-11.1171,11.4781362,-8.8436
3.6036009,-10.8939,11.0110361,-12.5904,4.1374677,-11.395,11.5449029,-7.99001
3.6703676,-10.5169,11.0777361,-6.15089,4.2042344,-11.1799,11.6116029,-8.59754
3.7370676,-10.474,11.1445028,-11.3343,4.2709344,-10.4363,11.6783696,-9.43637
3.8038343,-10.3562,11.2112028,-6.48211,4.3377011,-9.79342,11.7450696,-9.20508
3.8705343,-10.5888,11.2779695,-12.2935,4.4044011,-9.80048,11.8118363,-8.36073
3.937301,-10.697,11.3446695,-12.5325,4.4711678,-10.4236,11.8785363,-7.86945
4.004001,-11.3098,11.4114362,-2.33479,4.5378678,-10.6217,11.945303,-8.44077
4.0707677,-12.1392,11.4781362,-12.5788,4.6046345,-10.5705,12.012003,-8.8373
4.1374677,-12.355,11.5449029,-12.8173,4.6713345,-10.5885,12.0787697,-8.65683
4.2042344,-12.6397,11.6116029,-7.78729,4.7381012,-10.7411,12.1454697,-8.73496
4.2709344,-12.1834,11.6783696,-10.3565,4.8048012,-10.7751,12.2122364,-8.54748
4.3377011,-10.4785,11.7450696,-8,4.8715679,-9.98421,12.2789364,-8.30241
4.4044011,-8.30178,11.8118363,-11.3751,4.9382679,-8.65224,12.3457031,-7.6398
4.4711678,-5.85686,11.8785363,-4.15622,5.0050346,-7.18799,12.4124031,-6.57804
4.5378678,-3.75888,11.945303,-0.160072,5.0717346,-6.40972,12.4791698,-6.04792
4.6046345,-2.89926,12.012003,-5.64268,5.1385013,-6.77206,12.5458698,-5.31747
4.6713345,-3.54881,12.0787697,-1.02523,5.2052013,-7.99474,12.6126365,-5.49489
4.7381012,-5.21918,12.1454697,-2.16425,5.271968,-10.0391,12.6793365,-7.14977
4.8048012,-6.79733,12.2122364,-1.53497,5.338668,-11.1746,12.7461032,-8.78964
4.8715679,-7.52645,12.2789364,-5.23853,5.4054347,-11.7152,12.8128032,-9.95429
4.9382679,-7.11696,12.3457031,-7.70939,5.4721347,-10.7534,12.8795699,-9.83811
5.0050346,-6.41417,12.4124031,-2.29605,5.5389014,-8.76257,12.9462699,-8.7629
5.0717346,-6.23801,12.4791698,-3.53992,5.6056014,-6.03456,13.0130366,-7.12229
5.1385013,-6.91633,12.5458698,-2.81947,5.6723681,-3.01478,13.0797366,-4.37695
5.2052013,-7.32188,12.6126365,-4.61375,5.7390681,-0.648399,13.1465033,-1.53463
5.271968,-6.98243,12.6793365,-2.45042,5.8058348,0.291016,13.2132033,0.225441
5.338668,-6.73486,12.7461032,-2.61459,5.8725348,0.710052,13.27997,0.822166
5.4054347,-6.51563,12.8128032,-5.74913,5.9393015,0.207344,13.34667,0.963814
5.4721347,-6.5093,12.8795699,-2.95819,6.0060015,-0.39566,13.4134367,0.403709
5.5389014,-6.52879,12.9462699,-2.85028,6.0727682,-1.42178,13.4801367,-0.826378
5.6056014,-6.29465,13.0130366,-1.94118,6.1394682,-2.4017,13.5469034,-1.9073
5.6723681,-5.69312,13.0797366,-4.88105,6.2062349,-3.00439,13.6136034,-2.38258
5.7390681,-5.26355,13.1465033,-2.78762,6.2729349,-3.462,13.6803701,-2.78371
5.8058348,-5.31647,13.2132033,-0.590424,6.3397016,-3.68196,13.7470701,-3.21896
5.8725348,-5.11104,13.27997,-1.64899,6.4064016,-3.84565,13.8138368,-3.39679
5.9393015,-4.81441,13.34667,-2.34492,6.4731683,-3.88896,13.8805368,-3.30701
6.0060015,-4.59232,13.4134367,-2.97351,6.5398683,-3.99636,13.9473035,-3.27086
6.0727682,-4.37932,13.4801367,-0.382095,6.606635,-4.04109,14.0140035,-3.5114
6.1394682,-3.9886,13.5469034,-2.377,6.673335,-3.99823,14.0807702,-3.76078
6.2062349,-3.37071,13.6136034,-2.04771,6.7401017,-3.92625,14.1474702,-3.6339
6.2729349,-3.19496,13.6803701,-1.49438,6.8068017,-3.42988,14.2142369,-3.28915
6.3397016,-2.77211,13.7470701,0.0198212,6.8735684,-3.09383,14.2809369,-3.05087
6.4064016,-2.34393,13.8138368,-0.712708,6.9402684,-2.67182,14.3477036,-2.70964
6.4731683,-2.03227,13.8805368,-1.31734,7.0070351,-2.35731,14.4144036,-2.25863
6.5398683,-1.57149,13.9473035,-0.157997,7.0737351,-1.94862,14.4811703,-1.85413
6.606635,-1.07176,14.0140035,-0.138947,7.1405018,-1.56216,14.5478703,-1.79421
6.673335,-0.573533,14.0807702,0.344978,7.2072018,-1.24192,14.614637,-1.37777
6.7401017,-0.436517,14.1474702,-0.903809,7.2739685,-0.760834,14.681337,-0.895645
6.8068017,-0.245339,14.2142369,0.514137,7.3406685,-0.563576,14.7481037,-0.53643
6.8735684,0.297921,14.2809369,0.665176,7.4074352,-0.187561,14.8148037,-0.353439
6.9402684,0.84435,14.3477036,0.533447,7.4741352,0.112518,14.8815704,-0.0458221
7.0070351,1.34262,14.4144036,-0.341957,7.5409019,0.579971,14.9482704,0.366409
7.0737351,1.28408,14.4811703,0.996002,7.6076019,0.790672,15.0150371,0.713799
7.1405018,1.25038,14.5478703,1.73215,7.6743686,0.87323,15.0817371,0.902336
7.2072018,1.53592,14.614637,0.629379,7.7410686,1.03882,15.1485038,0.975426
7.2739685,1.62757,14.681337,-0.322693,7.8078353,0.89901,15.2152038,0.871956
7.3406685,1.86686,14.7481037,0.128578,7.8745353,1.09334,15.2819705,0.882309
7.4074352,2.07818,14.8148037,1.48002,7.941302,1.3241,15.3486705,0.904625
7.4741352,2.09478,14.8815704,1.03811,8.008002,1.30885,15.4154372,1.19503
7.5409019,1.82441,14.9482704,1.16125,8.0747687,1.37129,15.4821372,1.35423
7.6076019,1.88904,15.0150371,0.785728,8.1414687,1.40945,15.5489039,1.4666
7.6743686,2.28756,15.0817371,1.42634,8.2082354,1.59173,15.6156039,1.51475
7.7410686,2.30917,15.1485038,0.662392,8.2749354,1.58441,15.6823706,1.47857
7.8078353,2.09111,15.2152038,0.891701,8.3417021,1.55351,15.7490706,1.50533
7.8745353,1.94297,15.2819705,1.26562,8.4084021,1.66705,15.8158373,1.49522
7.941302,2.36927,15.3486705,1.42504,8.4751688,1.62335,15.8825373,1.44096
8.008002,2.54914,15.4154372,0.729782,8.5418688,1.6928,15.949304,1.45049
8.0747687,2.34152,15.4821372,0.691269,8.6086355,1.57964,16.016004,1.47233
8.1414687,2.21598,15.5489039,1.50574,8.6753355,1.61666,16.0827707,1.54011
8.2082354,2.18712,15.6156039,2.05045,8.7421022,1.51747,16.1494707,1.53036
8.2749354,2.05199,15.6823706,0.945206,8.8088022,1.56084,16.2162374,1.43194
8.3417021,2.02993,15.7490706,0.0612183,8.8755689,1.37001,16.2829374,1.33477
8.4084021,1.89285,15.8158373,0.979111,8.9422689,1.43469,16.3497041,1.32755
8.4751688,1.93691,15.8825373,1.47259,9.0090356,1.4693,16.4164041,1.23454
8.5418688,1.91543,15.949304,0.931969,9.0757356,1.58207,16.4831708,1.40213
8.6086355,1.76258,16.016004,0.728615,9.1425023,1.44224,16.5498708,1.41956
8.6753355,1.60152,16.0827707,1.40034,9.2092023,1.53907,16.6166375,1.51787
8.7421022,1.53281,16.1494707,1.12753,9.275969,1.49401,16.6833375,1.32567
8.8088022,1.72563,16.2162374,0.853973,9.342669,1.37606,16.7501042,1.31609
8.8755689,1.53804,16.2829374,0.803993,9.4094357,1.27715,16.8168042,1.2747
8.9422689,1.51072,16.3497041,1.29281,9.4761357,1.31015,16.8835709,1.25674
9.0090356,1.37003,16.4164041,1.18154,9.5429024,1.25906,16.9502709,1.09186
9.0757356,1.27985,16.4831708,0.693825,9.6096024,1.16042,17.0170376,0.942917
9.1425023,1.27008,16.5498708,0.348961,9.6763691,1.08691,17.0837376,0.927803
9.2092023,1.39922,16.6166375,0.742249,9.7430691,1.17803,17.1505043,0.818077
9.275969,1.52784,16.6833375,0.787605,9.8098358,1.15401,17.2172043,0.751076
9.342669,1.46249,16.7501042,1.00195,9.8765358,1.09399,17.283971,0.955734
9.4094357,1.07415,16.8168042,1.1003,9.9433025,0.985802,17.350671,0.962303
9.4761357,0.990938,16.8835709,0.812737,10.0100025,0.980721,17.4174377,1.01697
9.5429024,1.15023,16.9502709,0.384071,10.0767692,0.799713,17.4841377,0.805603
9.6096024,1.18869,17.0170376,0.183121,10.1434692,0.863937,17.5509044,0.607315
9.6763691,1.08498,17.0837376,0.562836,10.2102359,0.791283,17.6176044,0.805183
9.7430691,0.844732,17.1505043,0.772003,10.2769359,0.771164,17.6843711,0.812508
9.8098358,0.697116,17.2172043,0.668732,10.3437026,0.75869,17.7510711,0.650589
9.8765358,0.804473,17.283971,-0.150581,10.4104026,0.714249,17.8178378,0.657921
9.9433025,1.01787,17.350671,-0.247849,10.4771693,0.638786,17.8845378,0.714294
10.0100025,0.909126,17.4174377,0.427734,10.5438693,0.783691,17.9513045,0.620522
10.0767692,0.634707,17.4841377,0.774857,10.610636,0.688141,18.0180045,0.605484
10.1434692,0.48206,17.5509044,0.259735,10.677336,0.635628,18.0847712,0.543388
10.2102359,0.385538,17.6176044,-0.507736,10.7441027,0.527145,18.1514712,0.32766
10.2769359,0.425663,17.6843711,-0.904839,10.8108027,0.59874,18.2182379,0.0635834
10.3437026,0.70511,17.7510711,-0.829002,10.8775694,0.683533,18.2849379,-0.0806427
10.4104026,0.614441,17.8178378,-0.524948,10.9442694,0.620461,18.3517046,-0.175339
10.4771693,0.376053,17.8845378,0.00814056,11.0110361,0.707619,18.4184046,-0.00819397
10.5438693,0.437602,17.9513045,-0.151039,11.0777361,0.803284,18.4851713,0.10923
10.610636,0.577277,18.0180045,-0.266518,11.1445028,0.71196,18.5518713,0.369545
10.677336,0.584999,18.0847712,0.288918,11.2112028,0.69632,18.618638,0.671089
10.7441027,0.637655,18.1514712,1.26172,11.2779695,0.571892,18.685338,1.00121
10.8108027,0.492085,18.2182379,1.91284,11.3446695,0.735146,18.7521047,1.60382
10.8775694,0.215424,18.2849379,1.80146,11.4114362,0.661079,18.8188047,1.75439
10.9442694,0.348323,18.3517046,1.18723,11.4781362,0.735794,18.8855714,1.5285
11.0110361,0.512878,18.4184046,0.492935,11.5449029,0.503113,18.9522714,1.178
11.0777361,0.310427,18.4851713,0.0332947,11.6116029,0.663643,19.0190381,0.957466
11.1445028,0.257613,18.5518713,0.0507584,11.6783696,0.488106,19.08575144,0.627113
11.2112028,0.258805,18.618638,-0.178673,11.7450696,0.465416,19.15248479,0.428551
11.2779695,0.328801,18.685338,-0.203613,11.8118363,0.536224,19.21921814,0.505722
11.3446695,0.254252,18.7521047,0.154121,11.8785363,0.354088,19.28595149,0.471519
11.4114362,0.214728,18.8188047,0.103844,11.945303,0.520103,19.35268484,0.43689
11.4781362,0.350643,18.8855714,0.0493851,12.012003,0.355919,19.41941819,0.543205
11.5449029,0.0769145,18.9522714,-0.0246658,12.0787697,0.428879,19.48615154,0.507545
11.6116029,-0.0730786,19.0190381,-0.259933,12.1454697,0.240685,19.55288489,0.47139
11.6783696,0.0143254,19.08575144,-0.383232,12.2122364,0.347366,19.61961824,0.304405
11.7450696,0.0139008,19.15248479,-0.0340805,12.2789364,0.221878,19.68635159,0.5084
11.8118363,-0.0405476,19.21921814,0.13308,12.3457031,0.149895,19.75308494,0.497566
11.8785363,-0.106394,19.28595149,-0.43145,12.4124031,0.142128,19.81981829,0.377357
11.945303,-0.179612,19.35268484,-0.228783,12.4791698,0.181717,19.88655164,0.356216
12.012003,-0.411969,19.41941819,-0.143059,12.5458698,-0.159081,19.95328499,0.165291
12.0787697,-0.272093,19.48615154,-0.609077,12.6126365,-0.00866699,20.02001834,0.148521
12.1454697,-0.121192,19.55288489,-0.745415,12.6793365,0.00674438,20.08675169,0.0864792
12.2122364,-0.161949,19.61961824,-0.432137,12.7461032,-0.124847,20.15348504,0.103661
12.2789364,-0.066219,19.68635159,0.0952377,12.8128032,-0.0523148,20.22021839,0.0824661
12.3457031,-0.334028,19.75308494,0.172295,12.8795699,-0.0518951,20.28695174,0.286095
12.4124031,-0.337464,19.81981829,-0.0341034,12.9462699,-0.191887,20.35368509,0.248589
12.4791698,-0.212042,19.88655164,-0.371033,13.0130366,-0.148468,20.42041844,0.00888062
12.5458698,-0.186807,19.95328499,-0.567039,13.0797366,-0.17411,20.48715179,-0.0346375
12.6126365,-0.287703,20.02001834,-0.221634,13.1465033,-0.120178,20.55388514,-0.0893936
12.6793365,-0.362118,20.08675169,0.133308,13.2132033,-0.253319,20.62061849,-0.0321045
12.7461032,-0.230111,20.15348504,-0.145813,13.27997,-0.269249,20.68735184,-0.0781479
12.8128032,-0.37033,20.22021839,-0.408356,13.34667,-0.17276,20.75408519,-0.0615997
12.8795699,-0.391591,20.28695174,-0.291557,13.4134367,-0.14267,20.82081854,-0.0917892
12.9462699,-0.149826,20.35368509,0.0035553,13.4801367,-0.170868,20.88755189,-0.159027
13.0130366,-0.0640259,20.42041844,-0.14772,13.5469034,0.0049057,20.95428524,-0.0914536
13.0797366,-0.0251422,20.48715179,0.0850677,13.6136034,0.0564575,21.02101859,0.127022
13.1465033,-0.00667237,20.55388514,0.154221,13.6803701,0.131172,21.08775194,0.109642
13.2132033,0.0290366,20.62061849,0.15329,13.7470701,0.208488,21.15448529,-0.0352478
13.27997,0.185446,20.68735184,0.148315,13.8138368,0.051857,21.22121864,0.115685
13.34667,0.0556709,20.75408519,0.131111,13.8805368,0.207947,21.28795199,0.101822
13.4134367,0.344725,20.82081854,0.114891,13.9473035,0.397102,21.35468534,-0.0169067
13.4801367,0.542282,20.88755189,0.513878,14.0140035,0.42292,21.42141869,0.158699
13.5469034,0.384065,20.95428524,0.810036,14.0807702,0.321632,21.48815204,0.331688